review_score,count
1.0,8878
1.5,8
2.0,2816
2.5,30
3.0,7673
3.3333333333333335,1
3.5,22
4.0,18185
4.333333333333333,1
4.5,53
5.0,54470
